{
    "Train Loss": 52.06542205810547,
    "Train Accuracy:": 0.8083333373069763,
    "Validation Loss": 44.36037826538086,
    "Validation Accuracy:": 0.8270833492279053,
    "Test Loss": 41.82638168334961,
    "Test Accuracy:": 0.8291666507720947
}