{
    "Train Loss": 0.15962466597557068,
    "Train Accuracy:": 0.9375,
    "Validation Loss": 0.12286148965358734,
    "Validation Accuracy:": 0.9541666507720947,
    "Test Loss": 0.15191341936588287,
    "Test Accuracy:": 0.9291666746139526
}