{
    "Train Loss": 2.1723437309265137,
    "Train Accuracy:": 0.6083333492279053,
    "Validation Loss": 1.8468947410583496,
    "Validation Accuracy:": 0.625,
    "Test Loss": 2.125760316848755,
    "Test Accuracy:": 0.612500011920929
}